Id,Category
0.jpg,5
1.jpg,0
2.jpg,5
3.jpg,5
4.jpg,3
5.jpg,5
6.jpg,0
7.jpg,5
8.jpg,2
9.jpg,1
10.jpg,5
11.jpg,0
12.jpg,0
13.jpg,5
14.jpg,3
15.jpg,2
16.jpg,2
17.jpg,3
18.jpg,2
19.jpg,2
20.jpg,5
21.jpg,1
22.jpg,2
23.jpg,0
24.jpg,1
25.jpg,5
26.jpg,0
27.jpg,2
28.jpg,5
29.jpg,2
30.jpg,5
31.jpg,5
32.jpg,5
33.jpg,5
34.jpg,1
35.jpg,3
36.jpg,1
37.jpg,3
38.jpg,5
39.jpg,2
40.jpg,0
41.jpg,5
42.jpg,5
43.jpg,0
44.jpg,5
45.jpg,2
46.jpg,5
47.jpg,2
48.jpg,1
49.jpg,0
50.jpg,3
51.jpg,2
52.jpg,1
53.jpg,5
54.jpg,5
55.jpg,5
56.jpg,2
57.jpg,5
58.jpg,3
59.jpg,5
60.jpg,5
61.jpg,3
62.jpg,5
63.jpg,5
64.jpg,3
65.jpg,3
66.jpg,3
67.jpg,5
68.jpg,2
69.jpg,5
70.jpg,5
71.jpg,5
72.jpg,5
73.jpg,2
74.jpg,5
75.jpg,5
76.jpg,5
77.jpg,5
78.jpg,5
79.jpg,5
80.jpg,5
81.jpg,5
82.jpg,3
83.jpg,0
84.jpg,5
85.jpg,1
86.jpg,0
87.jpg,1
88.jpg,2
89.jpg,5
90.jpg,1
91.jpg,3
92.jpg,5
93.jpg,5
94.jpg,5
95.jpg,5
96.jpg,5
97.jpg,0
98.jpg,5
99.jpg,5
100.jpg,3
101.jpg,3
102.jpg,3
103.jpg,5
104.jpg,0
105.jpg,1
106.jpg,0
107.jpg,5
108.jpg,2
109.jpg,3
110.jpg,0
111.jpg,5
112.jpg,1
113.jpg,2
114.jpg,2
115.jpg,5
116.jpg,0
117.jpg,5
118.jpg,2
119.jpg,1
120.jpg,3
121.jpg,5
122.jpg,1
123.jpg,5
124.jpg,5
125.jpg,5
126.jpg,0
127.jpg,2
128.jpg,1
129.jpg,5
130.jpg,2
131.jpg,5
132.jpg,0
133.jpg,1
134.jpg,0
135.jpg,5
136.jpg,2
137.jpg,3
138.jpg,5
139.jpg,5
140.jpg,4
141.jpg,0
142.jpg,2
143.jpg,4
144.jpg,5
145.jpg,2
146.jpg,2
147.jpg,5
148.jpg,5
149.jpg,5
150.jpg,1
151.jpg,5
152.jpg,2
153.jpg,0
154.jpg,5
155.jpg,3
156.jpg,2
157.jpg,5
158.jpg,0
159.jpg,5
160.jpg,1
161.jpg,5
162.jpg,1
163.jpg,5
164.jpg,1
165.jpg,5
166.jpg,3
167.jpg,2
168.jpg,5
169.jpg,5
170.jpg,1
171.jpg,3
172.jpg,5
173.jpg,0
174.jpg,0
175.jpg,5
176.jpg,5
177.jpg,5
178.jpg,0
179.jpg,2
180.jpg,5
181.jpg,5
182.jpg,2
183.jpg,2
184.jpg,4
185.jpg,2
186.jpg,5
187.jpg,0
188.jpg,0
189.jpg,5
190.jpg,5
191.jpg,5
192.jpg,4
193.jpg,3
194.jpg,2
195.jpg,0
196.jpg,2
197.jpg,2
198.jpg,1
199.jpg,5
200.jpg,3
201.jpg,0
202.jpg,5
203.jpg,5
204.jpg,0
205.jpg,1
206.jpg,5
207.jpg,3
208.jpg,5
209.jpg,0
210.jpg,5
211.jpg,0
212.jpg,5
213.jpg,5
214.jpg,1
215.jpg,0
216.jpg,5
217.jpg,5
218.jpg,3
219.jpg,5
220.jpg,0
221.jpg,5
222.jpg,2
223.jpg,3
224.jpg,0
225.jpg,0
226.jpg,1
227.jpg,5
228.jpg,5
229.jpg,5
230.jpg,2
231.jpg,2
232.jpg,2
233.jpg,0
234.jpg,3
235.jpg,1
236.jpg,2
237.jpg,5
238.jpg,3
239.jpg,1
240.jpg,3
241.jpg,4
242.jpg,3
243.jpg,2
244.jpg,1
245.jpg,5
246.jpg,3
247.jpg,5
248.jpg,5
249.jpg,0
250.jpg,5
251.jpg,5
252.jpg,2
253.jpg,5
254.jpg,5
255.jpg,3
256.jpg,3
257.jpg,2
258.jpg,5
259.jpg,2
260.jpg,1
261.jpg,5
262.jpg,0
263.jpg,1
264.jpg,2
265.jpg,4
266.jpg,0
267.jpg,0
268.jpg,5
269.jpg,1
270.jpg,5
271.jpg,2
272.jpg,5
273.jpg,5
274.jpg,3
275.jpg,0
276.jpg,2
277.jpg,0
278.jpg,5
279.jpg,2
280.jpg,2
281.jpg,2
282.jpg,5
283.jpg,0
284.jpg,5
285.jpg,5
286.jpg,2
287.jpg,0
288.jpg,2
289.jpg,5
290.jpg,5
291.jpg,2
292.jpg,5
293.jpg,1
294.jpg,3
295.jpg,5
296.jpg,1
297.jpg,2
298.jpg,0
299.jpg,5
300.jpg,0
301.jpg,0
302.jpg,1
303.jpg,5
304.jpg,0
305.jpg,5
306.jpg,1
307.jpg,5
308.jpg,3
309.jpg,3
310.jpg,3
311.jpg,1
312.jpg,5
313.jpg,3
314.jpg,1
315.jpg,0
316.jpg,0
317.jpg,2
318.jpg,2
319.jpg,2
320.jpg,4
321.jpg,1
322.jpg,3
323.jpg,2
324.jpg,5
325.jpg,4
326.jpg,5
327.jpg,5
328.jpg,1
329.jpg,5
330.jpg,2
331.jpg,5
332.jpg,5
333.jpg,0
334.jpg,2
335.jpg,5
336.jpg,3
337.jpg,1
338.jpg,0
339.jpg,5
340.jpg,1
341.jpg,0
342.jpg,5
343.jpg,0
344.jpg,2
345.jpg,1
346.jpg,0
347.jpg,0
348.jpg,0
349.jpg,5
350.jpg,5
351.jpg,5
352.jpg,3
353.jpg,1
354.jpg,5
355.jpg,3
356.jpg,3
357.jpg,1
358.jpg,2
359.jpg,5
360.jpg,2
361.jpg,2
362.jpg,1
363.jpg,0
364.jpg,0
365.jpg,5
366.jpg,4
367.jpg,5
368.jpg,1
369.jpg,4
370.jpg,5
371.jpg,5
372.jpg,2
373.jpg,1
374.jpg,3
375.jpg,0
376.jpg,5
377.jpg,2
378.jpg,0
379.jpg,2
380.jpg,2
381.jpg,2
382.jpg,5
383.jpg,2
384.jpg,5
385.jpg,0
386.jpg,3
387.jpg,4
388.jpg,0
